MR #,Address,Trans Method,M,T,W,R,F,Notes,Driver
002F,"119 Garcelon Ave Apt B  Monterey Park, CA 91754",am,X,,,X,X,08:00+,
003M,"119 Garcelon Ave Apt B  Monterey Park, CA 91754",am,X,,,X,X,08:00+,
007M,"2417 Angelus Ave #306 6266880563 Rosemead, CA 91770",ampm,X,,X,,X,,
009F,"201 1/2 W Newmark Ave  Monterey Park, CA 91755",ampm,X,,X,,X,,
013F,"9527 Guess Street  Rosemead, CA 91770",ampm,X,X,,X,,,
019F,"2417 Angelus Ave #410  Rosemead, CA 91770",ampm,X,,X,,X,,
027M,"9423 Steele Street  Rosemead, CA 91770",ampm,X,X,,X,,,
029F,"4000 E. Fairmount St. #607  Los Angeles, CA 90063",ampm,X,X,X,,,,
034M,"1560 Potrero Grande Dr Apt B Rosemead, CA 91770",ampm,,X,,X,X,,
035F,"1560 Potrero Grande Dr Apt B Rosemead, CA 91770",ampm,,X,,X,X,,
